step,epoch,loss,learning_rate,grad_norm,elapsed_s,max_mem_gb
10,0.008,3.2933,1.2000000000000002e-07,105.0,21.4,44.46
20,0.016,3.2812,2.533333333333333e-07,104.5,35.8,44.46
30,0.024,3.2245,3.8666666666666674e-07,103.5,49.7,44.46
40,0.032,3.1937,5.2e-07,109.5,63.7,44.46
50,0.04,3.0772,6.533333333333334e-07,110.0,77.7,44.46
60,0.048,2.9525,7.866666666666667e-07,121.0,91.8,44.46
70,0.056,2.8335,9.200000000000001e-07,85.0,105.9,44.46
80,0.064,2.6172,1.0533333333333333e-06,83.0,119.9,44.46
90,0.072,2.3549,1.1866666666666668e-06,78.5,133.9,44.46
100,0.08,2.0628,1.32e-06,68.0,148.6,44.46
110,0.088,1.7145,1.4533333333333335e-06,55.5,162.4,44.46
120,0.096,1.3156,1.586666666666667e-06,45.25,176.4,44.46
130,0.104,0.9346,1.72e-06,46.25,190.5,44.46
140,0.112,0.6435,1.8533333333333333e-06,46.0,204.5,44.46
150,0.12,0.4616,1.9866666666666666e-06,45.25,218.8,44.46
160,0.128,0.2941,2.12e-06,46.75,233.0,44.46
170,0.136,0.1635,2.2533333333333335e-06,17.75,247.0,44.46
180,0.144,0.1057,2.386666666666667e-06,9.0625,261.1,44.46
190,0.152,0.1317,2.52e-06,7.5625,275.1,44.46
200,0.16,0.0953,2.6533333333333335e-06,30.75,289.1,44.46
210,0.168,0.079,2.786666666666667e-06,5.25,303.2,44.46
220,0.176,0.0502,2.92e-06,7.9375,317.6,44.46
230,0.184,0.0324,3.053333333333334e-06,6.21875,331.4,44.46
240,0.192,0.0272,3.186666666666667e-06,4.875,345.4,44.46
250,0.2,0.0257,3.3200000000000004e-06,4.40625,359.6,44.46
260,0.208,0.0162,3.4533333333333334e-06,5.90625,375.7,44.46
270,0.216,0.0255,3.5866666666666673e-06,22.125,389.7,44.46
280,0.224,0.0229,3.7200000000000004e-06,4.21875,403.8,44.46
290,0.232,0.0218,3.853333333333334e-06,10.5625,417.8,44.46
300,0.24,0.0192,3.986666666666667e-06,5.125,431.8,44.46
310,0.248,0.0197,4.12e-06,3.171875,445.8,44.46
320,0.256,0.0221,4.253333333333334e-06,6.03125,459.8,44.46
330,0.264,0.0219,4.3866666666666665e-06,5.5,473.9,44.46
340,0.272,0.0216,4.520000000000001e-06,11.1875,487.9,44.46
350,0.28,0.0234,4.653333333333333e-06,10.1875,502.0,44.46
360,0.288,0.0172,4.786666666666667e-06,3.46875,516.0,44.46
370,0.296,0.0205,4.92e-06,6.875,530.3,44.46
380,0.304,0.0192,4.999982670673473e-06,11.75,544.3,44.46
390,0.312,0.0147,4.999787718509086e-06,9.6875,558.3,44.46
400,0.32,0.0186,4.999376169470306e-06,6.53125,572.4,44.46
410,0.328,0.0121,4.998748059216254e-06,3.4375,586.4,44.46
420,0.336,0.0138,4.997903442170241e-06,1.7421875,600.6,44.46
430,0.344,0.0219,4.996842391515045e-06,4.84375,614.7,44.46
440,0.352,0.0164,4.995564999186572e-06,9.6875,628.7,44.46
450,0.36,0.0093,4.994071375865898e-06,2.5,642.9,44.46
460,0.368,0.0151,4.992361650969668e-06,4.53125,656.8,44.46
470,0.376,0.0106,4.990435972638888e-06,4.5,670.9,44.46
480,0.384,0.0161,4.988294507726089e-06,4.125,684.8,44.46
490,0.392,0.0137,4.98593744178087e-06,7.5625,698.7,44.46
500,0.4,0.0151,4.983364979033819e-06,0.6171875,712.8,44.46
510,0.408,0.0164,4.980577342378818e-06,8.875,727.2,44.46
520,0.416,0.0199,4.977574773353732e-06,5.75,741.0,44.46
530,0.424,0.0129,4.974357532119478e-06,4.1875,755.8,44.46
540,0.432,0.0158,4.970925897437484e-06,4.65625,772.8,44.46
550,0.44,0.0101,4.967280166645538e-06,2.5,787.9,44.46
560,0.448,0.0097,4.9634206556320186e-06,6.125,802.1,44.46
570,0.456,0.0172,4.959347698808532e-06,7.125,816.8,44.46
580,0.464,0.0117,4.95506164908093e-06,4.34375,830.7,44.46
590,0.472,0.0163,4.9505628778187365e-06,6.875,845.1,44.46
600,0.48,0.0117,4.94585177482297e-06,4.375,859.0,44.46
610,0.488,0.0146,4.940928748292363e-06,1.578125,873.1,44.46
620,0.496,0.0199,4.9357942247879995e-06,2.734375,886.9,44.46
630,0.504,0.0158,4.930448649196356e-06,5.53125,900.9,44.46
640,0.512,0.0139,4.924892484690744e-06,2.578125,914.8,44.46
650,0.52,0.0191,4.91912621269119e-06,7.53125,928.8,44.46
660,0.528,0.0094,4.913150332822716e-06,2.125,942.9,44.46
670,0.536,0.0148,4.906965362872048e-06,1.0078125,956.7,44.46
680,0.544,0.0144,4.9005718387427546e-06,4.3125,970.7,44.46
690,0.552,0.0076,4.893970314408813e-06,1.125,984.6,44.46
700,0.56,0.0142,4.887161361866608e-06,14.4375,998.6,44.46
710,0.568,0.011,4.880145571085369e-06,5.59375,1012.6,44.46
720,0.576,0.0061,4.872923549956058e-06,0.58984375,1026.5,44.46
730,0.584,0.0151,4.86549592423869e-06,0.138671875,1040.5,44.46
740,0.592,0.0157,4.857863337508119e-06,6.5,1054.5,44.46
750,0.6,0.0101,4.850026451098271e-06,3.046875,1068.5,44.46
760,0.608,0.0125,4.841985944044845e-06,2.59375,1082.8,44.46
770,0.616,0.0101,4.833742513026478e-06,5.875,1096.8,44.46
780,0.624,0.0086,4.825296872304377e-06,8.25,1110.9,44.46
790,0.632,0.011,4.816649753660431e-06,3.5625,1125.0,44.46
800,0.64,0.0123,4.807801906333809e-06,3.359375,1140.1,44.46
810,0.648,0.0094,4.7987540969560385e-06,9.375,1154.7,44.46
820,0.656,0.0128,4.789507109484579e-06,1.71875,1169.0,44.46
830,0.664,0.0129,4.7800617451348974e-06,4.0625,1183.0,44.46
840,0.672,0.0111,4.770418822311046e-06,2.828125,1196.8,44.46
850,0.68,0.0137,4.760579176534747e-06,3.8125,1211.1,44.46
860,0.688,0.0127,4.750543660373004e-06,5.46875,1225.1,44.46
870,0.696,0.0204,4.7403131433642226e-06,8.875,1239.2,44.46
880,0.704,0.0138,4.729888511942877e-06,8.3125,1253.1,44.46
890,0.712,0.0129,4.719270669362699e-06,5.84375,1267.1,44.46
900,0.72,0.0119,4.708460535618411e-06,3.875,1281.2,44.46
910,0.728,0.0079,4.697459047366022e-06,5.96875,1295.2,44.46
920,0.736,0.0105,4.68626715784166e-06,10.75,1309.4,44.46
930,0.744,0.0091,4.674885836778983e-06,2.15625,1323.8,44.46
940,0.752,0.0117,4.6633160703251556e-06,5.25,1337.6,44.46
950,0.76,0.0122,4.6515588609554006e-06,0.478515625,1351.7,44.46
960,0.768,0.0098,4.639615227386141e-06,1.1015625,1365.7,44.46
970,0.776,0.0148,4.62748620448673e-06,31.375,1379.7,44.46
980,0.784,0.0077,4.615172843189785e-06,6.84375,1393.7,44.46
990,0.792,0.0157,4.602676210400126e-06,10.25,1407.9,44.46
1000,0.8,0.0058,4.589997388902339e-06,2.1875,1421.9,44.46
1010,0.808,0.0091,4.577137477266948e-06,3.640625,1436.2,44.46
1020,0.816,0.0068,4.564097589755233e-06,2.171875,1450.3,44.46
1030,0.824,0.0154,4.550878856222684e-06,0.1162109375,1464.1,44.46
1040,0.832,0.0099,4.537482422021105e-06,8.0,1478.5,44.46
1050,0.84,0.0112,4.523909447899365e-06,0.115234375,1492.6,44.46
1060,0.848,0.0134,4.510161109902837e-06,0.60546875,1506.7,44.46
1070,0.856,0.0153,4.496238599271485e-06,10.0,1520.6,44.46
1080,0.864,0.009,4.482143122336658e-06,0.8515625,1534.6,44.46
1090,0.872,0.0113,4.467875900416558e-06,1.1171875,1548.7,44.46
1100,0.88,0.0123,4.4534381697104255e-06,6.0625,1562.7,44.46
1110,0.888,0.0067,4.438831181191422e-06,3.375,1576.7,44.46
1120,0.896,0.0089,4.424056200498237e-06,0.134765625,1591.0,44.46
1130,0.904,0.008,4.409114507825431e-06,0.1083984375,1604.8,44.46
1140,0.912,0.0162,4.394007397812509e-06,2.15625,1618.8,44.46
1150,0.92,0.0119,4.3787361794317405e-06,5.90625,1632.6,44.46
1160,0.928,0.0114,4.363302175874751e-06,2.328125,1646.6,44.46
1170,0.936,0.0093,4.347706724437865e-06,0.9765625,1661.6,44.46
1180,0.944,0.01,4.33195117640624e-06,5.21875,1675.9,44.46
1190,0.952,0.0085,4.316036896936774e-06,5.0,1690.1,44.46
1200,0.96,0.0078,4.299965264939834e-06,1.0546875,1704.0,44.46
1210,0.968,0.0042,4.283737672959766e-06,2.734375,1718.0,44.46
1220,0.976,0.0096,4.267355527054243e-06,3.40625,1732.1,44.46
1230,0.984,0.0074,4.250820246672433e-06,3.90625,1746.3,44.46
1240,0.992,0.0111,4.234133264532012e-06,5.3125,1761.2,44.46
1250,1.0,0.0129,4.217296026495022e-06,0.349609375,1775.9,44.46
1260,1.008,0.0094,4.200309991442591e-06,4.3125,1790.5,44.46
1270,1.016,0.0099,4.1831766311485345e-06,1.7265625,1804.7,44.46
1280,1.024,0.0087,4.165897430151822e-06,1.5078125,1819.2,44.46
1290,1.032,0.0086,4.148473885627952e-06,5.40625,1833.9,44.46
1300,1.04,0.0043,4.130907507259233e-06,3.21875,1848.0,44.46
1310,1.048,0.0101,4.113199817103964e-06,2.265625,1862.2,44.46
1320,1.056,0.0109,4.095352349464564e-06,0.283203125,1876.2,44.46
1330,1.064,0.005,4.077366650754624e-06,1.9140625,1890.3,44.46
1340,1.072,0.0073,4.059244279364923e-06,2.59375,1904.4,44.46
1350,1.08,0.0069,4.040986805528392e-06,2.3125,1918.2,44.46
1360,1.088,0.0084,4.022595811184064e-06,9.875,1932.1,44.46
1370,1.096,0.0042,4.004072889840006e-06,3.765625,1945.9,44.46
1380,1.104,0.0082,3.985419646435244e-06,4.53125,1960.1,44.46
1390,1.112,0.0057,3.966637697200704e-06,0.74609375,1973.7,44.46
1400,1.12,0.0115,3.94772866951917e-06,5.125,1987.6,44.46
1410,1.1280000000000001,0.0095,3.928694201784282e-06,9.9375,2001.6,44.46
1420,1.1360000000000001,0.0104,3.909535943258567e-06,0.3515625,2015.5,44.46
1430,1.144,0.0044,3.890255553930548e-06,0.79296875,2029.5,44.46
1440,1.152,0.011,3.870854704370902e-06,3.828125,2043.5,44.46
1450,1.16,0.0082,3.851335075587717e-06,2.96875,2057.9,44.46
1460,1.168,0.0099,3.831698358880843e-06,1.171875,2071.7,44.46
1470,1.176,0.0043,3.8119462556953358e-06,3.359375,2087.4,44.46
1480,1.184,0.0131,3.7920804774740427e-06,1.578125,2101.2,44.46
1490,1.192,0.0094,3.772102745509313e-06,2.1875,2115.6,44.46
1500,1.2,0.0077,3.75201479079385e-06,12.5625,2129.6,44.46
1510,1.208,0.0104,3.731818353870729e-06,5.34375,2143.9,44.46
1520,1.216,0.01,3.7115151846825874e-06,2.765625,2157.7,44.46
1530,1.224,0.0054,3.6911070424199967e-06,3.34375,2171.8,44.46
1540,1.232,0.0056,3.6705956953690364e-06,4.125,2185.8,44.46
1550,1.24,0.0062,3.649982920758082e-06,2.53125,2199.8,44.46
1560,1.248,0.0104,3.6292705046038077e-06,2.875,2213.9,44.46
1570,1.256,0.0088,3.608460241556443e-06,0.88671875,2227.7,44.46
1580,1.264,0.0047,3.5875539347442694e-06,8.9375,2241.5,44.46
1590,1.272,0.0083,3.5665533956173857e-06,4.6875,2255.1,44.46
1600,1.28,0.0108,3.5454604437907535e-06,3.484375,2269.2,44.46
