chart,row,series,value,sd,note
per_generator,ProGAN,safaid,98.00,0.57,"mean/sd over runs r11,r3,r4"
per_generator,ProGAN,control,97.68,0.23,"mean/sd over runs r2,r5,r6"
per_generator,ProGAN,cataid_published,99.86,,"Cai et al. 2025, Table 1"
per_generator,CycleGAN,safaid,92.52,0.84,"mean/sd over runs r11,r3,r4"
per_generator,CycleGAN,control,91.78,0.39,"mean/sd over runs r2,r5,r6"
per_generator,CycleGAN,cataid_published,98.83,,"Cai et al. 2025, Table 1"
per_generator,BigGAN,safaid,90.36,0.75,"mean/sd over runs r11,r3,r4"
per_generator,BigGAN,control,85.72,2.20,"mean/sd over runs r2,r5,r6"
per_generator,BigGAN,cataid_published,97.00,,"Cai et al. 2025, Table 1"
per_generator,StyleGAN,safaid,81.88,0.92,"mean/sd over runs r11,r3,r4"
per_generator,StyleGAN,control,78.16,1.75,"mean/sd over runs r2,r5,r6"
per_generator,StyleGAN,cataid_published,96.63,,"Cai et al. 2025, Table 1"
per_generator,GauGAN,safaid,97.38,0.48,"mean/sd over runs r11,r3,r4"
per_generator,GauGAN,control,94.74,1.75,"mean/sd over runs r2,r5,r6"
per_generator,GauGAN,cataid_published,96.24,,"Cai et al. 2025, Table 1"
per_generator,SAN,safaid,78.84,5.14,"mean/sd over runs r11,r3,r4"
per_generator,SAN,control,83.79,0.91,"mean/sd over runs r2,r5,r6"
per_generator,SAN,cataid_published,57.28,,"Cai et al. 2025, Table 1"
per_generator,StarGAN,safaid,87.88,2.20,"mean/sd over runs r11,r3,r4"
per_generator,StarGAN,control,83.38,2.45,"mean/sd over runs r2,r5,r6"
per_generator,StarGAN,cataid_published,99.35,,"Cai et al. 2025, Table 1"
per_generator,DeepFakes,safaid,71.66,1.83,"mean/sd over runs r11,r3,r4"
per_generator,DeepFakes,control,68.88,1.65,"mean/sd over runs r2,r5,r6"
per_generator,DeepFakes,cataid_published,71.53,,"Cai et al. 2025, Table 1"
per_generator,SITD,safaid,82.59,2.24,"mean/sd over runs r11,r3,r4"
per_generator,SITD,control,83.05,2.65,"mean/sd over runs r2,r5,r6"
per_generator,SITD,cataid_published,82.22,,"Cai et al. 2025, Table 1"
per_generator,CRN,safaid,97.98,0.51,"mean/sd over runs r11,r3,r4"
per_generator,CRN,control,91.63,9.82,"mean/sd over runs r2,r5,r6"
per_generator,CRN,cataid_published,79.05,,"Cai et al. 2025, Table 1"
per_generator,IMLE,safaid,95.67,1.37,"mean/sd over runs r11,r3,r4"
per_generator,IMLE,control,88.44,11.05,"mean/sd over runs r2,r5,r6"
per_generator,IMLE,cataid_published,79.87,,"Cai et al. 2025, Table 1"
per_generator,ADM,safaid,83.95,1.53,"mean/sd over runs r11,r3,r4"
per_generator,ADM,control,79.17,3.24,"mean/sd over runs r2,r5,r6"
per_generator,ADM,cataid_published,78.80,,"Cai et al. 2025, Table 1"
per_generator,LDM (200),safaid,91.58,1.50,"mean/sd over runs r11,r3,r4"
per_generator,LDM (200),control,87.32,2.76,"mean/sd over runs r2,r5,r6"
per_generator,LDM (200),cataid_published,92.35,,"Cai et al. 2025, Table 1"
per_generator,LDM (CFG),safaid,73.52,3.99,"mean/sd over runs r11,r3,r4"
per_generator,LDM (CFG),control,66.90,3.36,"mean/sd over runs r2,r5,r6"
per_generator,LDM (CFG),cataid_published,88.45,,"Cai et al. 2025, Table 1"
per_generator,LDM (100),safaid,92.43,1.15,"mean/sd over runs r11,r3,r4"
per_generator,LDM (100),control,88.23,2.95,"mean/sd over runs r2,r5,r6"
per_generator,LDM (100),cataid_published,92.50,,"Cai et al. 2025, Table 1"
per_generator,Glide (100-27),safaid,97.60,0.36,"mean/sd over runs r11,r3,r4"
per_generator,Glide (100-27),control,96.90,0.76,"mean/sd over runs r2,r5,r6"
per_generator,Glide (100-27),cataid_published,88.80,,"Cai et al. 2025, Table 1"
per_generator,Glide (50-27),safaid,97.65,0.46,"mean/sd over runs r11,r3,r4"
per_generator,Glide (50-27),control,96.73,0.83,"mean/sd over runs r2,r5,r6"
per_generator,Glide (50-27),cataid_published,89.30,,"Cai et al. 2025, Table 1"
per_generator,Glide (100-10),safaid,97.58,0.40,"mean/sd over runs r11,r3,r4"
per_generator,Glide (100-10),control,97.13,0.75,"mean/sd over runs r2,r5,r6"
per_generator,Glide (100-10),cataid_published,89.25,,"Cai et al. 2025, Table 1"
per_generator,DALL-E,safaid,91.73,1.41,"mean/sd over runs r11,r3,r4"
per_generator,DALL-E,control,88.77,2.03,"mean/sd over runs r2,r5,r6"
per_generator,DALL-E,cataid_published,91.35,,"Cai et al. 2025, Table 1"
headline,average_19,safaid_r11,88.89,,
headline,average_19,safaid_r3,88.98,,
headline,average_19,safaid_r4,90.68,,
headline,average_19,safaid_mean,89.52,1.01,sample sd (ddof=1)
headline,average_19,control_r2,83.81,,
headline,average_19,control_r5,88.75,,
headline,average_19,control_r6,87.72,,
headline,average_19,control_mean,86.76,2.61,sample sd (ddof=1)
headline,average_19,cataid_published,87.82,,
headline,welch_safaid_vs_control,t,1.709,,"df=2.59, two-sided p=0.200; SAFAID higher on 17/19"
ablations,SAFAID run 1,r11,88.89,,
ablations,Without investigative prompt,r12,86.95,,change vs run 1: -1.94
ablations,Uniform augmentation,r13,76.02,,change vs run 1: -12.87
ablations,No augmentation,r14,81.10,,change vs run 1: -7.79
qlora,average_19,full_ft_same_seed,88.89,,
qlora,average_19,qlora_r16,86.83,,
qlora,SAN,full_ft_same_seed,78.77,,
qlora,SAN,qlora_r16,60.73,,
qlora,peak_mem_gb,full_ft,44.46,,"peak allocated, config.json"
qlora,peak_mem_gb,qlora_r16,4.88,,"peak allocated, config.json"
real_vs_fake,ProGAN,real_acc,96.38,,"SAFAID, mean of 3 runs"
real_vs_fake,ProGAN,fake_acc,99.61,,"SAFAID, mean of 3 runs"
real_vs_fake,CycleGAN,real_acc,90.03,,"SAFAID, mean of 3 runs"
real_vs_fake,CycleGAN,fake_acc,95.00,,"SAFAID, mean of 3 runs"
real_vs_fake,BigGAN,real_acc,94.97,,"SAFAID, mean of 3 runs"
real_vs_fake,BigGAN,fake_acc,85.75,,"SAFAID, mean of 3 runs"
real_vs_fake,StyleGAN,real_acc,99.16,,"SAFAID, mean of 3 runs"
real_vs_fake,StyleGAN,fake_acc,64.60,,"SAFAID, mean of 3 runs"
real_vs_fake,GauGAN,real_acc,98.06,,"SAFAID, mean of 3 runs"
real_vs_fake,GauGAN,fake_acc,96.70,,"SAFAID, mean of 3 runs"
real_vs_fake,SAN,real_acc,98.94,,"SAFAID, mean of 3 runs"
real_vs_fake,SAN,fake_acc,58.75,,"SAFAID, mean of 3 runs"
real_vs_fake,StarGAN,real_acc,96.15,,"SAFAID, mean of 3 runs"
real_vs_fake,StarGAN,fake_acc,79.61,,"SAFAID, mean of 3 runs"
real_vs_fake,DeepFakes,real_acc,84.26,,"SAFAID, mean of 3 runs"
real_vs_fake,DeepFakes,fake_acc,59.02,,"SAFAID, mean of 3 runs"
real_vs_fake,SITD,real_acc,100.00,,"SAFAID, mean of 3 runs"
real_vs_fake,SITD,fake_acc,65.18,,"SAFAID, mean of 3 runs"
real_vs_fake,CRN,real_acc,99.01,,"SAFAID, mean of 3 runs"
real_vs_fake,CRN,fake_acc,96.95,,"SAFAID, mean of 3 runs"
real_vs_fake,IMLE,real_acc,99.01,,"SAFAID, mean of 3 runs"
real_vs_fake,IMLE,fake_acc,92.33,,"SAFAID, mean of 3 runs"
real_vs_fake,ADM,real_acc,98.67,,"SAFAID, mean of 3 runs"
real_vs_fake,ADM,fake_acc,69.23,,"SAFAID, mean of 3 runs"
real_vs_fake,LDM (200),real_acc,96.80,,"SAFAID, mean of 3 runs"
real_vs_fake,LDM (200),fake_acc,86.37,,"SAFAID, mean of 3 runs"
real_vs_fake,LDM (CFG),real_acc,96.80,,"SAFAID, mean of 3 runs"
real_vs_fake,LDM (CFG),fake_acc,50.23,,"SAFAID, mean of 3 runs"
real_vs_fake,LDM (100),real_acc,96.80,,"SAFAID, mean of 3 runs"
real_vs_fake,LDM (100),fake_acc,88.07,,"SAFAID, mean of 3 runs"
real_vs_fake,Glide (100-27),real_acc,96.80,,"SAFAID, mean of 3 runs"
real_vs_fake,Glide (100-27),fake_acc,98.40,,"SAFAID, mean of 3 runs"
real_vs_fake,Glide (50-27),real_acc,96.80,,"SAFAID, mean of 3 runs"
real_vs_fake,Glide (50-27),fake_acc,98.50,,"SAFAID, mean of 3 runs"
real_vs_fake,Glide (100-10),real_acc,96.80,,"SAFAID, mean of 3 runs"
real_vs_fake,Glide (100-10),fake_acc,98.37,,"SAFAID, mean of 3 runs"
real_vs_fake,DALL-E,real_acc,96.80,,"SAFAID, mean of 3 runs"
real_vs_fake,DALL-E,fake_acc,86.67,,"SAFAID, mean of 3 runs"
real_vs_fake,average_19,real_acc,96.43,,
real_vs_fake,average_19,fake_acc,82.60,,
